Year,Championship,Position,Name,Academy,Gender,Age Group,Belt Color,Weight Class,Weight
2024,World IBJJF Jiu-Jitsu Championship 2024,1,Ryan victor da Siva,Vision,Male,Juvenile 1,Blue,Rooster,107.00
2024,World IBJJF Jiu-Jitsu Championship 2024,2,Alex Kane Dovsek,Art of Jiu Jitsu,Male,Juvenile 1,Blue,Rooster,107.00
2024,World IBJJF Jiu-Jitsu Championship 2024,3,Jason Dinh Nguyen,Inicio Jiu-Jitsu,Male,Juvenile 1,Blue,Rooster,107.00
2024,World IBJJF Jiu-Jitsu Championship 2024,3,Pablo Dias de Araujo,Athlas Training Team,Male,Juvenile 1,Blue,Rooster,107.00
2024,World IBJJF Jiu-Jitsu Championship 2024,1,Jonathan Thomas Becker,Inicio Jiu-Jitsu,Male,Juvenile 1,Blue,Light-Feather,118.00
2024,World IBJJF Jiu-Jitsu Championship 2024,2,Christian de La Fuente,Art of Jiu Jitsu,Male,Juvenile 1,Blue,Light-Feather,118.00
2024,World IBJJF Jiu-Jitsu Championship 2024,3,Kaden Zane Leal Pires,Gracie Barra,Male,Juvenile 1,Blue,Light-Feather,118.00
2024,World IBJJF Jiu-Jitsu Championship 2024,3,Saulo de Pádua C. M. Bravo,Gracie Humaita,Male,Juvenile 1,Blue,Light-Feather,118.00
2024,World IBJJF Jiu-Jitsu Championship 2024,1,Ricardo Yoshito Kavati Amaral,Art of Jiu Jitsu,Male,Juvenile 1,Blue,Feather,129.00
2024,World IBJJF Jiu-Jitsu Championship 2024,2,Vicente Tanabe Lalli,CheckMat,Male,Juvenile 1,Blue,Feather,129.00
2024,World IBJJF Jiu-Jitsu Championship 2024,3,Hawann Hennye Moreira dos Santos,Gracie Barra,Male,Juvenile 1,Blue,Feather,129.00
2024,World IBJJF Jiu-Jitsu Championship 2024,3,Luca Dos Santos Oliveira,GF Team,Male,Juvenile 1,Blue,Feather,129.00
2024,World IBJJF Jiu-Jitsu Championship 2024,1,Fernando Fábio Paiva,Melqui Galvão Jiu-jitsu,Male,Juvenile 1,Blue,Light,141.00
2024,World IBJJF Jiu-Jitsu Championship 2024,2,Jonathan Anderson,Gracie Barra,Male,Juvenile 1,Blue,Light,141.00
2024,World IBJJF Jiu-Jitsu Championship 2024,3,Alyson Lima da Silva,CheckMat,Male,Juvenile 1,Blue,Light,141.00
2024,World IBJJF Jiu-Jitsu Championship 2024,3,Jonathan Carl Ekström,CheckMat,Male,Juvenile 1,Blue,Light,141.00
2024,World IBJJF Jiu-Jitsu Championship 2024,1,Luke Evan Reid,BJJ Coach - Corral's Martial Arts,Male,Juvenile 1,Blue,Middle,152.00
2024,World IBJJF Jiu-Jitsu Championship 2024,2,Murilo Cardoso Neves,Alliance,Male,Juvenile 1,Blue,Middle,152.00
2024,World IBJJF Jiu-Jitsu Championship 2024,3,Davi Abrão Dias Barbosa,Melqui Galvão Jiu-jitsu,Male,Juvenile 1,Blue,Middle,152.00
2024,World IBJJF Jiu-Jitsu Championship 2024,3,Thiago Marcio Ribeiro de Deus,Infight JJ,Male,Juvenile 1,Blue,Middle,152.00
2024,World IBJJF Jiu-Jitsu Championship 2024,1,Kalebe Henrique Sartarelli Pereira,Melqui Galvão Jiu-jitsu,Male,Juvenile 1,Blue,Medium-Heavy,163.00
2024,World IBJJF Jiu-Jitsu Championship 2024,2,Lucques David Sorenson,One Jiu-Jitsu USA,Male,Juvenile 1,Blue,Medium-Heavy,163.00
2024,World IBJJF Jiu-Jitsu Championship 2024,3,Jameson Hayes Brewster,Soul Fighters BJJ,Male,Juvenile 1,Blue,Medium-Heavy,163.00
2024,World IBJJF Jiu-Jitsu Championship 2024,3,Marcos V Brandao,Submit Your Friend Academy,Male,Juvenile 1,Blue,Medium-Heavy,163.00
2024,World IBJJF Jiu-Jitsu Championship 2024,1,Ricardo Candido Gomes Filho,Academia Bulldog Team,Male,Juvenile 1,Blue,Heavy,175.00
2024,World IBJJF Jiu-Jitsu Championship 2024,2,Eduardo  Cancela Cruz,Atos Jiu-Jitsu,Male,Juvenile 1,Blue,Heavy,175.00
2024,World IBJJF Jiu-Jitsu Championship 2024,3,João Pedro Figueiredo Araujo,CheckMat,Male,Juvenile 1,Blue,Heavy,175.00
2024,World IBJJF Jiu-Jitsu Championship 2024,3,João Vítor Martins Freires,Melqui Galvão Jiu-jitsu,Male,Juvenile 1,Blue,Heavy,175.00
2024,World IBJJF Jiu-Jitsu Championship 2024,1,Luciano Sales Filho,Berg Brazilian Jiu Jitsu - MA,Male,Juvenile 1,Blue,Super-Heavy,186.00
2024,World IBJJF Jiu-Jitsu Championship 2024,2,Danilo Rodrigues do Nascimento Lira,Gracie Barra,Male,Juvenile 1,Blue,Super-Heavy,186.00
2024,World IBJJF Jiu-Jitsu Championship 2024,3,João Lucas C. M. Aguiar,Gracie Barra,Male,Juvenile 1,Blue,Super-Heavy,186.00
2024,World IBJJF Jiu-Jitsu Championship 2024,3,Ronald Telles Sotero,Infight JJ,Male,Juvenile 1,Blue,Super-Heavy,186.00
2024,World IBJJF Jiu-Jitsu Championship 2024,1,Luiz Miguel de Souza Mascarenhas Men,Infight JJ,Male,Juvenile 1,Blue,Ultra-Heavy,
2024,World IBJJF Jiu-Jitsu Championship 2024,2,Jacob Matthew Ramirez,LEAD BJJ,Male,Juvenile 1,Blue,Ultra-Heavy,
2024,World IBJJF Jiu-Jitsu Championship 2024,3,Przemyslaw P. Ziembikiewicz-Mysiala,Roger Gracie Academy,Male,Juvenile 1,Blue,Ultra-Heavy,
2024,World IBJJF Jiu-Jitsu Championship 2024,3,Renzo Cooligan,Renzo Gracie,Male,Juvenile 1,Blue,Ultra-Heavy,
2024,World IBJJF Jiu-Jitsu Championship 2024,1,Jonathan Anderson,Gracie Barra,Male,Juvenile 1,Blue,Open Class Light,
2024,World IBJJF Jiu-Jitsu Championship 2024,2,Fernando Fábio Paiva,Melqui Galvão Jiu-jitsu,Male,Juvenile 1,Blue,Open Class Light,
2024,World IBJJF Jiu-Jitsu Championship 2024,3,Alyson Lima da Silva,CheckMat,Male,Juvenile 1,Blue,Open Class Light,
2024,World IBJJF Jiu-Jitsu Championship 2024,3,Pablo Dias de Araujo,Athlas Training Team,Male,Juvenile 1,Blue,Open Class Light,
2024,World IBJJF Jiu-Jitsu Championship 2024,1,Luiz Miguel de Souza Mascarenhas Men,Infight JJ,Male,Juvenile 1,Blue,Open Class Heavy,
2024,World IBJJF Jiu-Jitsu Championship 2024,2,Renzo Cooligan,Renzo Gracie,Male,Juvenile 1,Blue,Open Class Heavy,
2024,World IBJJF Jiu-Jitsu Championship 2024,3,Kalebe Henrique Sartarelli Pereira,Melqui Galvão Jiu-jitsu,Male,Juvenile 1,Blue,Open Class Heavy,
2024,World IBJJF Jiu-Jitsu Championship 2024,3,Ronald Telles Sotero,Infight JJ,Male,Juvenile 1,Blue,Open Class Heavy,
2024,World IBJJF Jiu-Jitsu Championship 2024,1,Kiani Sky Gonzalez,Alliance,Female,Juvenile 1,Blue,Rooster,98.00
2024,World IBJJF Jiu-Jitsu Championship 2024,2,Mylan Ngoc Nguyen,Brasa CTA,Female,Juvenile 1,Blue,Rooster,98.00
2024,World IBJJF Jiu-Jitsu Championship 2024,3,Lara Quirino de Mendonça,Double Five,Female,Juvenile 1,Blue,Rooster,98.00
2024,World IBJJF Jiu-Jitsu Championship 2024,1,Maria Eduarda de Faria Abreu,R1NG BJJ,Female,Juvenile 1,Blue,Light-Feather,106.60
2024,World IBJJF Jiu-Jitsu Championship 2024,2,Paisley Grace Nolan,CheckMat,Female,Juvenile 1,Blue,Light-Feather,106.60
2024,World IBJJF Jiu-Jitsu Championship 2024,3,Beatriz Fernandes Borges,Carioca Brazilian Jiu-Jitsu,Female,Juvenile 1,Blue,Light-Feather,106.60
2024,World IBJJF Jiu-Jitsu Championship 2024,3,Elyane Adjo Aziakpo,Carlson Gracie Team,Female,Juvenile 1,Blue,Light-Feather,106.60
2024,World IBJJF Jiu-Jitsu Championship 2024,1,Natalee Funegra,Art of Jiu Jitsu,Female,Juvenile 1,Blue,Feather,116.00
2024,World IBJJF Jiu-Jitsu Championship 2024,2,Katherine Miracle Lo,Soul Fighters BJJ,Female,Juvenile 1,Blue,Feather,116.00
2024,World IBJJF Jiu-Jitsu Championship 2024,3,Julia Bandeira Ayres Sant'anna,Gracie Humaita,Female,Juvenile 1,Blue,Feather,116.00
2024,World IBJJF Jiu-Jitsu Championship 2024,3,Rafaela do Nascimento Silva,Cohab Team Brazilian Jiu-Jitsu,Female,Juvenile 1,Blue,Feather,116.00
2024,World IBJJF Jiu-Jitsu Championship 2024,1,Kimberly Nguyen,DreamArt,Female,Juvenile 1,Blue,Light,125.00
2024,World IBJJF Jiu-Jitsu Championship 2024,2,Eduarda Franklin Soares,Tetris,Female,Juvenile 1,Blue,Light,125.00
2024,World IBJJF Jiu-Jitsu Championship 2024,3,Maria Eduarda Aguiar Martim,Vision,Female,Juvenile 1,Blue,Light,125.00
2024,World IBJJF Jiu-Jitsu Championship 2024,3,Olivia Michelle Marlow,CFS BJJ,Female,Juvenile 1,Blue,Light,125.00
2024,World IBJJF Jiu-Jitsu Championship 2024,1,Isabella DeLa Cruz Butler,Art of Jiu Jitsu,Female,Juvenile 1,Blue,Middle,133.60
2024,World IBJJF Jiu-Jitsu Championship 2024,2,Manuella Jacome dos Santos,Squad BJJ,Female,Juvenile 1,Blue,Middle,133.60
2024,World IBJJF Jiu-Jitsu Championship 2024,3,Abigail Allecia Cummings,Brasa CTA,Female,Juvenile 1,Blue,Middle,133.60
2024,World IBJJF Jiu-Jitsu Championship 2024,3,Dania Silva,Atos Jiu-Jitsu,Female,Juvenile 1,Blue,Middle,133.60
2024,World IBJJF Jiu-Jitsu Championship 2024,1,Maria Clara Medeiros B. C. Quintino,Atos Jiu-Jitsu,Female,Juvenile 1,Blue,Medium-Heavy,143.60
2024,World IBJJF Jiu-Jitsu Championship 2024,2,Brenda de Carvalho Coelho Gonçalves,Alliance,Female,Juvenile 1,Blue,Medium-Heavy,143.60
2024,World IBJJF Jiu-Jitsu Championship 2024,3,Chloé Heyraud,WAO,Female,Juvenile 1,Blue,Medium-Heavy,143.60
2024,World IBJJF Jiu-Jitsu Championship 2024,3,Magdalena Mia Owczarek,CheckMat,Female,Juvenile 1,Blue,Medium-Heavy,143.60
2024,World IBJJF Jiu-Jitsu Championship 2024,1,Maria Eduarda Lima Ayres,Ronaldo Jacaré BJJ Academy,Female,Juvenile 1,Blue,Heavy,152.00
2024,World IBJJF Jiu-Jitsu Championship 2024,2,Zuzanna Agata Skórkowska,Logic Europe,Female,Juvenile 1,Blue,Heavy,152.00
2024,World IBJJF Jiu-Jitsu Championship 2024,3,Delany Danielle Salcedo,Alliance,Female,Juvenile 1,Blue,Heavy,152.00
2024,World IBJJF Jiu-Jitsu Championship 2024,3,Hermione Willow Medina,CheckMat,Female,Juvenile 1,Blue,Heavy,152.00
2024,World IBJJF Jiu-Jitsu Championship 2024,1,Livia Barasine Correa,JFC Almeida JJ,Female,Juvenile 1,Blue,Super-Heavy,
2024,World IBJJF Jiu-Jitsu Championship 2024,2,Elise Maree Docherty,Draig,Female,Juvenile 1,Blue,Super-Heavy,
2024,World IBJJF Jiu-Jitsu Championship 2024,1,Natalee Funegra,Art of Jiu Jitsu,Female,Juvenile 1,Blue,Open Class Light,
2024,World IBJJF Jiu-Jitsu Championship 2024,2,Katherine Miracle Lo,Soul Fighters BJJ,Female,Juvenile 1,Blue,Open Class Light,
2024,World IBJJF Jiu-Jitsu Championship 2024,3,Julia Bandeira Ayres Sant'anna,Gracie Humaita,Female,Juvenile 1,Blue,Open Class Light,
2024,World IBJJF Jiu-Jitsu Championship 2024,3,Maria Eduarda Aguiar Martim,Vision,Female,Juvenile 1,Blue,Open Class Light,
2024,World IBJJF Jiu-Jitsu Championship 2024,1,Livia Barasine Correa,JFC Almeida JJ,Female,Juvenile 1,Blue,Open Class Heavy,
2024,World IBJJF Jiu-Jitsu Championship 2024,2,Dania Silva,Atos Jiu-Jitsu,Female,Juvenile 1,Blue,Open Class Heavy,
2024,World IBJJF Jiu-Jitsu Championship 2024,3,Magdalena Mia Owczarek,CheckMat,Female,Juvenile 1,Blue,Open Class Heavy,
2024,World IBJJF Jiu-Jitsu Championship 2024,3,Manuella Jacome dos Santos,Squad BJJ,Female,Juvenile 1,Blue,Open Class Heavy,
2024,World IBJJF Jiu-Jitsu Championship 2024,1,Victor Gabriel Carvalho da Costa,Hope Jiu-Jitsu,Male,Juvenile 2,Blue,Rooster,118.00
2024,World IBJJF Jiu-Jitsu Championship 2024,2,Kianoa Roberts,Gracie Humaita Botany,Male,Juvenile 2,Blue,Rooster,118.00
2024,World IBJJF Jiu-Jitsu Championship 2024,3,Conner Cyle Afable,Cicero Costha Internacional,Male,Juvenile 2,Blue,Rooster,118.00
2024,World IBJJF Jiu-Jitsu Championship 2024,3,Yuri Nata Maria Souza de Freitas,GF Team,Male,Juvenile 2,Blue,Rooster,118.00
2024,World IBJJF Jiu-Jitsu Championship 2024,1,Virgile Grandjean-Philibert,WAO,Male,Juvenile 2,Blue,Light-Feather,129.00
2024,World IBJJF Jiu-Jitsu Championship 2024,2,Ivan Luis Valencia,Jiu-Jitsu Methods,Male,Juvenile 2,Blue,Light-Feather,129.00
2024,World IBJJF Jiu-Jitsu Championship 2024,3,Gabriel Petersen Macagnan Oliveira,Vision,Male,Juvenile 2,Blue,Light-Feather,129.00
2024,World IBJJF Jiu-Jitsu Championship 2024,3,Kaike de Oliveira de Lima,Nova União,Male,Juvenile 2,Blue,Light-Feather,129.00
2024,World IBJJF Jiu-Jitsu Championship 2024,1,S. Maximus Schwartz,Art of Jiu Jitsu,Male,Juvenile 2,Blue,Feather,141.60
2024,World IBJJF Jiu-Jitsu Championship 2024,2,Brendo de Lima Rozendo,Atos Jiu-Jitsu,Male,Juvenile 2,Blue,Feather,141.60
2024,World IBJJF Jiu-Jitsu Championship 2024,3,Ioannis H. Marinis,RMNU Team,Male,Juvenile 2,Blue,Feather,141.60
2024,World IBJJF Jiu-Jitsu Championship 2024,3,Isa Anwer Abdul Rahman,CheckMat,Male,Juvenile 2,Blue,Feather,141.60
2024,World IBJJF Jiu-Jitsu Championship 2024,1,Felipe Goulart,Art of Jiu Jitsu,Male,Juvenile 2,Blue,Light,152.60
2024,World IBJJF Jiu-Jitsu Championship 2024,2,Pedro Victor Fontes,Art of Jiu Jitsu,Male,Juvenile 2,Blue,Light,152.60
2024,World IBJJF Jiu-Jitsu Championship 2024,3,Isaque Almeida Lima,Atos Jiu-Jitsu,Male,Juvenile 2,Blue,Light,152.60
2024,World IBJJF Jiu-Jitsu Championship 2024,3,Ryuki Nakajima,Axis Jiu-Jitsu,Male,Juvenile 2,Blue,Light,152.60
2024,World IBJJF Jiu-Jitsu Championship 2024,1,Myles Joaquin Javelosa,Sektor BJJ,Male,Juvenile 2,Blue,Middle,163.60
2024,World IBJJF Jiu-Jitsu Championship 2024,2,Thiago Brito de Oliveira,CheckMat,Male,Juvenile 2,Blue,Middle,163.60
2024,World IBJJF Jiu-Jitsu Championship 2024,3,Dylan Judah Rodriguez,CheckMat,Male,Juvenile 2,Blue,Middle,163.60
2024,World IBJJF Jiu-Jitsu Championship 2024,3,Julio Cesar Suzigan Martins,Melqui Galvão Jiu-jitsu,Male,Juvenile 2,Blue,Middle,163.60
2024,World IBJJF Jiu-Jitsu Championship 2024,1,Antonio Figueiredo Genovesi,Alliance,Male,Juvenile 2,Blue,Medium-Heavy,175.00
2024,World IBJJF Jiu-Jitsu Championship 2024,2,Ryan Mucciolo Coutinho,GF Team,Male,Juvenile 2,Blue,Medium-Heavy,175.00
2024,World IBJJF Jiu-Jitsu Championship 2024,3,Cauã Rocha Araújo,JFC Almeida JJ,Male,Juvenile 2,Blue,Medium-Heavy,175.00
2024,World IBJJF Jiu-Jitsu Championship 2024,3,Nathan Andrew Walton,Carlson Gracie Team,Male,Juvenile 2,Blue,Medium-Heavy,175.00
2024,World IBJJF Jiu-Jitsu Championship 2024,1,Abdullah Tariq Nada,KSA Team,Male,Juvenile 2,Blue,Heavy,186.00
2024,World IBJJF Jiu-Jitsu Championship 2024,2,Arthur Cunha Costa,Fratres Brazilian Jiu-Jitsu,Male,Juvenile 2,Blue,Heavy,186.00
2024,World IBJJF Jiu-Jitsu Championship 2024,3,Landon Jay Hinson,Luiz Palhares Jiu-Jitsu,Male,Juvenile 2,Blue,Heavy,186.00
2024,World IBJJF Jiu-Jitsu Championship 2024,3,Richard Rey Vega,Brasa CTA,Male,Juvenile 2,Blue,Heavy,186.00
2024,World IBJJF Jiu-Jitsu Championship 2024,1,Marcelo Augusto Miranda de Sousa,Guigo JJ,Male,Juvenile 2,Blue,Super-Heavy,197.00
2024,World IBJJF Jiu-Jitsu Championship 2024,2,Samuel Madrid Villegas,R1NG BJJ,Male,Juvenile 2,Blue,Super-Heavy,197.00
2024,World IBJJF Jiu-Jitsu Championship 2024,3,Joseph Brunson,Mohler Jiu-Jitsu,Male,Juvenile 2,Blue,Super-Heavy,197.00
2024,World IBJJF Jiu-Jitsu Championship 2024,3,Pedro Manoel de Lima Pereira,Nova União,Male,Juvenile 2,Blue,Super-Heavy,197.00
2024,World IBJJF Jiu-Jitsu Championship 2024,1,Marcos Francisco Alvarado,American Jiu-Jitsu Syndicate,Male,Juvenile 2,Blue,Ultra-Heavy,
2024,World IBJJF Jiu-Jitsu Championship 2024,2,Arsenii Ermakov,ZR Team Association,Male,Juvenile 2,Blue,Ultra-Heavy,
2024,World IBJJF Jiu-Jitsu Championship 2024,3,Luiz Fernando dos Santos Fuzari,Rhino Jiu-Jitsu Academy,Male,Juvenile 2,Blue,Ultra-Heavy,
2024,World IBJJF Jiu-Jitsu Championship 2024,3,Olle Hampus Haggblad,Nybro Kampsport Center NKC,Male,Juvenile 2,Blue,Ultra-Heavy,
2024,World IBJJF Jiu-Jitsu Championship 2024,1,Felipe Goulart,Art of Jiu Jitsu,Male,Juvenile 2,Blue,Open Class Light,
2024,World IBJJF Jiu-Jitsu Championship 2024,2,Isaque Almeida Lima,Atos Jiu-Jitsu,Male,Juvenile 2,Blue,Open Class Light,
2024,World IBJJF Jiu-Jitsu Championship 2024,3,Brendo de Lima Rozendo,Atos Jiu-Jitsu,Male,Juvenile 2,Blue,Open Class Light,
2024,World IBJJF Jiu-Jitsu Championship 2024,3,Pedro Victor Fontes,Art of Jiu Jitsu,Male,Juvenile 2,Blue,Open Class Light,
2024,World IBJJF Jiu-Jitsu Championship 2024,1,Marcos Francisco Alvarado,American Jiu-Jitsu Syndicate,Male,Juvenile 2,Blue,Open Class Heavy,
2024,World IBJJF Jiu-Jitsu Championship 2024,2,Abdullah Tariq Nada,KSA Team,Male,Juvenile 2,Blue,Open Class Heavy,
2024,World IBJJF Jiu-Jitsu Championship 2024,3,Arthur Cunha Costa,Fratres Brazilian Jiu-Jitsu,Male,Juvenile 2,Blue,Open Class Heavy,
2024,World IBJJF Jiu-Jitsu Championship 2024,3,Julio Cesar Suzigan Martins,Melqui Galvão Jiu-jitsu,Male,Juvenile 2,Blue,Open Class Heavy,
2024,World IBJJF Jiu-Jitsu Championship 2024,1,Elliana Jade Yong,CheckMat,Female,Juvenile 2,Blue,Rooster,98.00
2024,World IBJJF Jiu-Jitsu Championship 2024,2,Moana Emiliana L. Mortensen,NU Era Jiu-Jitsu,Female,Juvenile 2,Blue,Rooster,98.00
2024,World IBJJF Jiu-Jitsu Championship 2024,1,Vanessa Sixtos,LEAD BJJ,Female,Juvenile 2,Blue,Light-Feather,106.60
2024,World IBJJF Jiu-Jitsu Championship 2024,2,Ana Luiza Oliveira Nascimento,Infight JJ,Female,Juvenile 2,Blue,Light-Feather,106.60
2024,World IBJJF Jiu-Jitsu Championship 2024,3,Arianna Rose Culotta,GF Team,Female,Juvenile 2,Blue,Light-Feather,106.60
2024,World IBJJF Jiu-Jitsu Championship 2024,3,Maya Malice Marie Youngblood,Alliance,Female,Juvenile 2,Blue,Light-Feather,106.60
2024,World IBJJF Jiu-Jitsu Championship 2024,1,Noémie Gluck,Rise,Female,Juvenile 2,Blue,Feather,116.00
2024,World IBJJF Jiu-Jitsu Championship 2024,2,Kayleen Faith Escamilla,CheckMat,Female,Juvenile 2,Blue,Feather,116.00
2024,World IBJJF Jiu-Jitsu Championship 2024,3,Alanis Macedo dos Santos,Fratres Brazilian Jiu-Jitsu,Female,Juvenile 2,Blue,Feather,116.00
2024,World IBJJF Jiu-Jitsu Championship 2024,3,Kaleah Dee Pyles,Alliance,Female,Juvenile 2,Blue,Feather,116.00
2024,World IBJJF Jiu-Jitsu Championship 2024,1,Alexa Rose Herse,Atos Jiu-Jitsu,Female,Juvenile 2,Blue,Light,125.00
2024,World IBJJF Jiu-Jitsu Championship 2024,2,Sofia Victoria DeJesus,967 Black Sheep,Female,Juvenile 2,Blue,Light,125.00
2024,World IBJJF Jiu-Jitsu Championship 2024,3,Isis Cruz Maciel Costa,GF Team,Female,Juvenile 2,Blue,Light,125.00
2024,World IBJJF Jiu-Jitsu Championship 2024,3,Maria Eduarda Andrade Lira de Albuqu,Infight JJ,Female,Juvenile 2,Blue,Light,125.00
2024,World IBJJF Jiu-Jitsu Championship 2024,1,Kellen do Nascimento Arraes,LEAD BJJ,Female,Juvenile 2,Blue,Middle,133.60
2024,World IBJJF Jiu-Jitsu Championship 2024,2,Mia Montesinos Perdomo,Somos Jiu-Jitsu,Female,Juvenile 2,Blue,Middle,133.60
2024,World IBJJF Jiu-Jitsu Championship 2024,3,Kathryn Denica Jacobo,CheckMat,Female,Juvenile 2,Blue,Middle,133.60
2024,World IBJJF Jiu-Jitsu Championship 2024,3,Nicole Coelho de A. Gimenes,LEAD BJJ,Female,Juvenile 2,Blue,Middle,133.60
2024,World IBJJF Jiu-Jitsu Championship 2024,1,Pairin Sullivan,Team Lloyd Irvin,Female,Juvenile 2,Blue,Medium-Heavy,143.60
2024,World IBJJF Jiu-Jitsu Championship 2024,2,Zoe Clara Kerr,Embrace Martial Arts,Female,Juvenile 2,Blue,Medium-Heavy,143.60
2024,World IBJJF Jiu-Jitsu Championship 2024,3,Noelani Liana Almogela,Alliance,Female,Juvenile 2,Blue,Medium-Heavy,143.60
2024,World IBJJF Jiu-Jitsu Championship 2024,3,Sophia Grace Montenegro,VBros BJJ,Female,Juvenile 2,Blue,Medium-Heavy,143.60
2024,World IBJJF Jiu-Jitsu Championship 2024,1,Ilorrany  Prado Batista,Alliance,Female,Juvenile 2,Blue,Heavy,152.00
2024,World IBJJF Jiu-Jitsu Championship 2024,2,Ana Luiza Frias Fernandes,Athlas Training Team,Female,Juvenile 2,Blue,Heavy,152.00
2024,World IBJJF Jiu-Jitsu Championship 2024,3,Gabrielly Souza de Oliveira,Equipe FJU BJJ,Female,Juvenile 2,Blue,Heavy,152.00
2024,World IBJJF Jiu-Jitsu Championship 2024,3,Maria Eduarda Rodrigues da Silva,Infight JJ,Female,Juvenile 2,Blue,Heavy,152.00
2024,World IBJJF Jiu-Jitsu Championship 2024,1,Hazel Rose Butcher-Salazar,Alliance,Female,Juvenile 2,Blue,Super-Heavy,
2024,World IBJJF Jiu-Jitsu Championship 2024,2,Heliane Lukeni Seródio Caio,GF Team,Female,Juvenile 2,Blue,Super-Heavy,
2024,World IBJJF Jiu-Jitsu Championship 2024,3,Marissa Rochelle Worsley,Ares BJJ,Female,Juvenile 2,Blue,Super-Heavy,
2024,World IBJJF Jiu-Jitsu Championship 2024,1,Alexa Rose Herse,Atos Jiu-Jitsu,Female,Juvenile 2,Blue,Open Class Light,
2024,World IBJJF Jiu-Jitsu Championship 2024,2,Isis Cruz Maciel Costa,GF Team,Female,Juvenile 2,Blue,Open Class Light,
2024,World IBJJF Jiu-Jitsu Championship 2024,3,Alanis Macedo dos Santos,Fratres Brazilian Jiu-Jitsu,Female,Juvenile 2,Blue,Open Class Light,
2024,World IBJJF Jiu-Jitsu Championship 2024,3,Noémie Gluck,Rise,Female,Juvenile 2,Blue,Open Class Light,
2024,World IBJJF Jiu-Jitsu Championship 2024,1,Hazel Rose Butcher-Salazar,Alliance,Female,Juvenile 2,Blue,Open Class Heavy,
2024,World IBJJF Jiu-Jitsu Championship 2024,2,Kellen do Nascimento Arraes,LEAD BJJ,Female,Juvenile 2,Blue,Open Class Heavy,
2024,World IBJJF Jiu-Jitsu Championship 2024,3,Heliane Lukeni Seródio Caio,GF Team,Female,Juvenile 2,Blue,Open Class Heavy,
2024,World IBJJF Jiu-Jitsu Championship 2024,3,Mia Montesinos Perdomo,Somos Jiu-Jitsu,Female,Juvenile 2,Blue,Open Class Heavy,
2024,World IBJJF Jiu-Jitsu Championship 2024,1,Alexander Adrian Osorio Mendez,Art of Jiu Jitsu,Male,Adult,Blue,Rooster,127.00
2024,World IBJJF Jiu-Jitsu Championship 2024,2,Samuel Victor Ladislau Alcantara,Vision,Male,Adult,Blue,Rooster,127.00
2024,World IBJJF Jiu-Jitsu Championship 2024,3,Ethan Cole Brummund,Soul Fighters BJJ,Male,Adult,Blue,Rooster,127.00
2024,World IBJJF Jiu-Jitsu Championship 2024,3,João Vitor da Silva Oliveira,Vision,Male,Adult,Blue,Rooster,127.00
2024,World IBJJF Jiu-Jitsu Championship 2024,1,Stuart Gregory Carmody,Vision,Male,Adult,Blue,Light-Feather,141.60
2024,World IBJJF Jiu-Jitsu Championship 2024,2,Bernardo Cordeiro Ramires dos Santos,Alliance International,Male,Adult,Blue,Light-Feather,141.60
2024,World IBJJF Jiu-Jitsu Championship 2024,3,Igor Araujo Rosa de França,CheckMat,Male,Adult,Blue,Light-Feather,141.60
2024,World IBJJF Jiu-Jitsu Championship 2024,3,Maximiliano Silva da Silva,Alliance,Male,Adult,Blue,Light-Feather,141.60
2024,World IBJJF Jiu-Jitsu Championship 2024,1,Guilherme Theo Marques,Vision,Male,Adult,Blue,Feather,154.60
2024,World IBJJF Jiu-Jitsu Championship 2024,2,Kellyson Carlos de Lima da Silva,CheckMat,Male,Adult,Blue,Feather,154.60
2024,World IBJJF Jiu-Jitsu Championship 2024,3,Dominic J. Manno,Art of Jiu Jitsu,Male,Adult,Blue,Feather,154.60
2024,World IBJJF Jiu-Jitsu Championship 2024,3,Iryan Brooks,Gracie Barra,Male,Adult,Blue,Feather,154.60
2024,World IBJJF Jiu-Jitsu Championship 2024,1,Rodrigo Araujo Rosa de França,CheckMat,Male,Adult,Blue,Light,168.00
2024,World IBJJF Jiu-Jitsu Championship 2024,2,Jared Alec Wade,Atos Jiu-Jitsu,Male,Adult,Blue,Light,168.00
2024,World IBJJF Jiu-Jitsu Championship 2024,3,Erik Rodrigo Barros Benson,DreamArt,Male,Adult,Blue,Light,168.00
2024,World IBJJF Jiu-Jitsu Championship 2024,3,Kaike Kelmer Righetti Luiz,Alliance,Male,Adult,Blue,Light,168.00
2024,World IBJJF Jiu-Jitsu Championship 2024,1,Miguel Pablo Almeida Paiva,DreamArt,Male,Adult,Blue,Middle,181.60
2024,World IBJJF Jiu-Jitsu Championship 2024,2,Isaac Manu Sankersingh,Athlas Training Team,Male,Adult,Blue,Middle,181.60
2024,World IBJJF Jiu-Jitsu Championship 2024,3,João Vitor Haag Brito,Alliance,Male,Adult,Blue,Middle,181.60
2024,World IBJJF Jiu-Jitsu Championship 2024,3,Kyle Edward Brown,Gracie Barra,Male,Adult,Blue,Middle,181.60
2024,World IBJJF Jiu-Jitsu Championship 2024,1,Freddy Lele talla,Alliance,Male,Adult,Blue,Medium-Heavy,195.00
2024,World IBJJF Jiu-Jitsu Championship 2024,2,Mateus Cardoso Mendes,DreamArt,Male,Adult,Blue,Medium-Heavy,195.00
2024,World IBJJF Jiu-Jitsu Championship 2024,3,Kade G Ryan,Maroccolo Academy,Male,Adult,Blue,Medium-Heavy,195.00
2024,World IBJJF Jiu-Jitsu Championship 2024,3,Pedro Henrique Dummer Quadrado,Drill BJJ,Male,Adult,Blue,Medium-Heavy,195.00
2024,World IBJJF Jiu-Jitsu Championship 2024,1,João Paulo S. do Nascimento,DreamArt,Male,Adult,Blue,Heavy,208.00
2024,World IBJJF Jiu-Jitsu Championship 2024,2,Lincoln Santos Silva,Alliance,Male,Adult,Blue,Heavy,208.00
2024,World IBJJF Jiu-Jitsu Championship 2024,3,Léo Benoit,WAO,Male,Adult,Blue,Heavy,208.00
2024,World IBJJF Jiu-Jitsu Championship 2024,3,Luis Henrique C. de Oliveira,Alliance,Male,Adult,Blue,Heavy,208.00
2024,World IBJJF Jiu-Jitsu Championship 2024,1,Michael Lawrence Bulkin,Alliance,Male,Adult,Blue,Super-Heavy,222.00
2024,World IBJJF Jiu-Jitsu Championship 2024,2,Italo Giulio Porcedda Poli,Cicero Costha Internacional,Male,Adult,Blue,Super-Heavy,222.00
2024,World IBJJF Jiu-Jitsu Championship 2024,3,James C Deirmendjian,Renzo Gracie,Male,Adult,Blue,Super-Heavy,222.00
2024,World IBJJF Jiu-Jitsu Championship 2024,3,Max R. Hryhorczuk,TAC Team BJJ,Male,Adult,Blue,Super-Heavy,222.00
2024,World IBJJF Jiu-Jitsu Championship 2024,1,Yan de Quevedo Goulart,Alliance,Male,Adult,Blue,Ultra-Heavy,
2024,World IBJJF Jiu-Jitsu Championship 2024,2,Oliver Oskar R. Löfwenius,Dynamix Fighting Sports,Male,Adult,Blue,Ultra-Heavy,
2024,World IBJJF Jiu-Jitsu Championship 2024,3,Benjamin Garry Swainston,ZR Team Association,Male,Adult,Blue,Ultra-Heavy,
2024,World IBJJF Jiu-Jitsu Championship 2024,3,João Victor Alves Jardim,DreamArt,Male,Adult,Blue,Ultra-Heavy,
2024,World IBJJF Jiu-Jitsu Championship 2024,1,João Paulo S. do Nascimento,DreamArt,Male,Adult,Blue,Open Class,
2024,World IBJJF Jiu-Jitsu Championship 2024,2,Miguel Pablo Almeida Paiva,DreamArt,Male,Adult,Blue,Open Class,
2024,World IBJJF Jiu-Jitsu Championship 2024,3,Kade G Ryan,Maroccolo Academy,Male,Adult,Blue,Open Class,
2024,World IBJJF Jiu-Jitsu Championship 2024,3,Yan de Quevedo Goulart,Alliance,Male,Adult,Blue,Open Class,
2024,World IBJJF Jiu-Jitsu Championship 2024,1,Cauã Hernandes Leonor,Double Five,Male,Adult,Purple,Rooster,127.00
2024,World IBJJF Jiu-Jitsu Championship 2024,2,Davi Yuri da Silva Martins,Vision,Male,Adult,Purple,Rooster,127.00
2024,World IBJJF Jiu-Jitsu Championship 2024,3,Patrick Aaron Deleon,LEAD BJJ,Male,Adult,Purple,Rooster,127.00
2024,World IBJJF Jiu-Jitsu Championship 2024,3,Washington Ferreira dos Santos,DreamArt,Male,Adult,Purple,Rooster,127.00
2024,World IBJJF Jiu-Jitsu Championship 2024,1,Devin Patrick Riley,Team Lloyd Irvin,Male,Adult,Purple,Light-Feather,141.60
2024,World IBJJF Jiu-Jitsu Championship 2024,2,Jason Chih,Vicente Jr. Team,Male,Adult,Purple,Light-Feather,141.60
2024,World IBJJF Jiu-Jitsu Championship 2024,3,Hélio Jandir Seródio Caio,Nova União,Male,Adult,Purple,Light-Feather,141.60
2024,World IBJJF Jiu-Jitsu Championship 2024,3,Yago Matias Ferreira de Oliveira,Athlas Training Team,Male,Adult,Purple,Light-Feather,141.60
2024,World IBJJF Jiu-Jitsu Championship 2024,1,Alex Junior Vazquez,Art of Jiu Jitsu,Male,Adult,Purple,Feather,154.60
2024,World IBJJF Jiu-Jitsu Championship 2024,2,Leonardo Ferreira dos Santos,Alliance,Male,Adult,Purple,Feather,154.60
2024,World IBJJF Jiu-Jitsu Championship 2024,3,Bruno Marllon Costa,DreamArt,Male,Adult,Purple,Feather,154.60
2024,World IBJJF Jiu-Jitsu Championship 2024,3,Chilli Lucien Harel,Art of Jiu Jitsu,Male,Adult,Purple,Feather,154.60
2024,World IBJJF Jiu-Jitsu Championship 2024,1,Emerson Victor Ferreira Feitosa,Vision,Male,Adult,Purple,Light,168.00
2024,World IBJJF Jiu-Jitsu Championship 2024,2,William Wilson,Carlson Gracie Team,Male,Adult,Purple,Light,168.00
2024,World IBJJF Jiu-Jitsu Championship 2024,3,Park Jaewoon,Atos Jiu-Jitsu,Male,Adult,Purple,Light,168.00
2024,World IBJJF Jiu-Jitsu Championship 2024,3,Rian de Oliveira dos Santos,Nova União,Male,Adult,Purple,Light,168.00
2024,World IBJJF Jiu-Jitsu Championship 2024,1,Mateo Cardona,Art of Jiu Jitsu,Male,Adult,Purple,Middle,181.60
2024,World IBJJF Jiu-Jitsu Championship 2024,2,José Steve Nduazulu Ndilu,DreamArt,Male,Adult,Purple,Middle,181.60
2024,World IBJJF Jiu-Jitsu Championship 2024,3,Marcio Italo Souza Landim,Alliance,Male,Adult,Purple,Middle,181.60
2024,World IBJJF Jiu-Jitsu Championship 2024,3,Rafael Hipólito de Oliveira Junior,Gracie Barra,Male,Adult,Purple,Middle,181.60
2024,World IBJJF Jiu-Jitsu Championship 2024,1,Francisco Eduardo Alves Costa,Alliance,Male,Adult,Purple,Medium-Heavy,195.00
2024,World IBJJF Jiu-Jitsu Championship 2024,2,Luan Yudi Hukami Marques,Atos Jiu-Jitsu,Male,Adult,Purple,Medium-Heavy,195.00
2024,World IBJJF Jiu-Jitsu Championship 2024,3,Caleb Eli Nascimento,Nova União,Male,Adult,Purple,Medium-Heavy,195.00
2024,World IBJJF Jiu-Jitsu Championship 2024,3,Rogério Drews Leite,Fratres Brazilian Jiu-Jitsu,Male,Adult,Purple,Medium-Heavy,195.00
2024,World IBJJF Jiu-Jitsu Championship 2024,1,Mauro Lucas Moreira da Silva Rabelo,Alliance,Male,Adult,Purple,Heavy,208.00
2024,World IBJJF Jiu-Jitsu Championship 2024,2,Igor Ferreira Ribeiro,DreamArt,Male,Adult,Purple,Heavy,208.00
2024,World IBJJF Jiu-Jitsu Championship 2024,3,Matheus Paulo da Costa,CheckMat,Male,Adult,Purple,Heavy,208.00
2024,World IBJJF Jiu-Jitsu Championship 2024,3,Omar Tariq Nada,Unity Jiu-jitsu,Male,Adult,Purple,Heavy,208.00
2024,World IBJJF Jiu-Jitsu Championship 2024,1,Tiago Pereira Nascimento Filho,Alliance,Male,Adult,Purple,Super-Heavy,222.00
2024,World IBJJF Jiu-Jitsu Championship 2024,2,Natã Tenca Lima,Atos Jiu-Jitsu,Male,Adult,Purple,Super-Heavy,222.00
2024,World IBJJF Jiu-Jitsu Championship 2024,3,Ademola David Odusanya,Roger Gracie Academy,Male,Adult,Purple,Super-Heavy,222.00
2024,World IBJJF Jiu-Jitsu Championship 2024,3,Luiz Henrique Santos Benigno,Zenith BJJ,Male,Adult,Purple,Super-Heavy,222.00
2024,World IBJJF Jiu-Jitsu Championship 2024,1,João Victor Nascimento S. Souza,DreamArt,Male,Adult,Purple,Ultra-Heavy,
2024,World IBJJF Jiu-Jitsu Championship 2024,2,Adrian Roberto Pereira,Atos Jiu-Jitsu,Male,Adult,Purple,Ultra-Heavy,
2024,World IBJJF Jiu-Jitsu Championship 2024,3,Emilio James Gomez,Six Blades Jiu-Jitsu,Male,Adult,Purple,Ultra-Heavy,
2024,World IBJJF Jiu-Jitsu Championship 2024,3,Thierry Felipe Alves Lima de Souza,Nova União,Male,Adult,Purple,Ultra-Heavy,
2024,World IBJJF Jiu-Jitsu Championship 2024,1,Omar Tariq Nada,Unity Jiu-jitsu,Male,Adult,Purple,Open Class,
2024,World IBJJF Jiu-Jitsu Championship 2024,2,José Steve Nduazulu Ndilu,DreamArt,Male,Adult,Purple,Open Class,
2024,World IBJJF Jiu-Jitsu Championship 2024,3,João Victor Nascimento S. Souza,DreamArt,Male,Adult,Purple,Open Class,
2024,World IBJJF Jiu-Jitsu Championship 2024,3,Natã Tenca Lima,Atos Jiu-Jitsu,Male,Adult,Purple,Open Class,
2024,World IBJJF Jiu-Jitsu Championship 2024,1,Michael Jalen B. Fonacier,Alliance,Male,Adult,Brown,Rooster,127.00
2024,World IBJJF Jiu-Jitsu Championship 2024,2,Ethan Shane Johnston,Cleber Jiu Jitsu,Male,Adult,Brown,Rooster,127.00
2024,World IBJJF Jiu-Jitsu Championship 2024,3,Josué Braga Lira,Fratres Brazilian Jiu-Jitsu,Male,Adult,Brown,Rooster,127.00
2024,World IBJJF Jiu-Jitsu Championship 2024,3,Kaimoni Richhavath Operana,Sim Go Academy,Male,Adult,Brown,Rooster,127.00
2024,World IBJJF Jiu-Jitsu Championship 2024,1,Marcos Antonio Gomes Guedes,Art of Jiu Jitsu,Male,Adult,Brown,Light-Feather,141.60
2024,World IBJJF Jiu-Jitsu Championship 2024,2,Rerisson dos Santos Gabriel,Alliance,Male,Adult,Brown,Light-Feather,141.60
2024,World IBJJF Jiu-Jitsu Championship 2024,3,Carlos José Luiz Junior,Alliance,Male,Adult,Brown,Light-Feather,141.60
2024,World IBJJF Jiu-Jitsu Championship 2024,3,Vinicius Gomes Inacio,Atos Jiu-Jitsu,Male,Adult,Brown,Light-Feather,141.60
2024,World IBJJF Jiu-Jitsu Championship 2024,1,Steven Alexander Gomez,Art of Jiu Jitsu,Male,Adult,Brown,Feather,154.60
2024,World IBJJF Jiu-Jitsu Championship 2024,2,Gustavo Umeoka Ogawa,Art of Jiu Jitsu,Male,Adult,Brown,Feather,154.60
2024,World IBJJF Jiu-Jitsu Championship 2024,3,Jhonathan Frota de Souza,Vision,Male,Adult,Brown,Feather,154.60
2024,World IBJJF Jiu-Jitsu Championship 2024,3,Rômulo Elizeu Rocha Diniz,Alliance,Male,Adult,Brown,Feather,154.60
2024,World IBJJF Jiu-Jitsu Championship 2024,1,Mateus de Moraes Coelho,Brasa CTA,Male,Adult,Brown,Light,168.00
2024,World IBJJF Jiu-Jitsu Championship 2024,2,Thiago Robson Saboia Sousa,Alliance,Male,Adult,Brown,Light,168.00
2024,World IBJJF Jiu-Jitsu Championship 2024,3,Marcos Roberto Alves Filho,Alliance,Male,Adult,Brown,Light,168.00
2024,World IBJJF Jiu-Jitsu Championship 2024,3,Miguel Costa Campos,Brasa CTA,Male,Adult,Brown,Light,168.00
2024,World IBJJF Jiu-Jitsu Championship 2024,1,Rafael Leite Borges,Fratres Brazilian Jiu-Jitsu,Male,Adult,Brown,Middle,181.60
2024,World IBJJF Jiu-Jitsu Championship 2024,2,João Pedro Menezes de Barros,Fratres Brazilian Jiu-Jitsu,Male,Adult,Brown,Middle,181.60
2024,World IBJJF Jiu-Jitsu Championship 2024,3,Kyumin Kim,Ground Core Korea,Male,Adult,Brown,Middle,181.60
2024,World IBJJF Jiu-Jitsu Championship 2024,3,Pablo de Oliveira Custódia,Carlson Gracie Team,Male,Adult,Brown,Middle,181.60
2024,World IBJJF Jiu-Jitsu Championship 2024,1,João Gabriel Galvão da Silva,Fratres Brazilian Jiu-Jitsu,Male,Adult,Brown,Medium-Heavy,195.00
2024,World IBJJF Jiu-Jitsu Championship 2024,2,Luiz Felipe Assis dos Santos,Alliance,Male,Adult,Brown,Medium-Heavy,195.00
2024,World IBJJF Jiu-Jitsu Championship 2024,3,Danylo Ferreira Wruck,Alliance,Male,Adult,Brown,Medium-Heavy,195.00
2024,World IBJJF Jiu-Jitsu Championship 2024,3,Marlon Tajik,Atos Jiu-Jitsu,Male,Adult,Brown,Medium-Heavy,195.00
2024,World IBJJF Jiu-Jitsu Championship 2024,1,Leonardo Silveira Ferreira,Alliance,Male,Adult,Brown,Heavy,208.00
2024,World IBJJF Jiu-Jitsu Championship 2024,2,Rasmus Almström,CheckMat International,Male,Adult,Brown,Heavy,208.00
2024,World IBJJF Jiu-Jitsu Championship 2024,3,Alex Liscano Filho,CheckMat,Male,Adult,Brown,Heavy,208.00
2024,World IBJJF Jiu-Jitsu Championship 2024,3,Francisco Papasidero,Art of Jiu Jitsu,Male,Adult,Brown,Heavy,208.00
2024,World IBJJF Jiu-Jitsu Championship 2024,1,Windson Alves de Oliveira Torres,CheckMat,Male,Adult,Brown,Super-Heavy,222.00
2024,World IBJJF Jiu-Jitsu Championship 2024,2,Robson de Freitas Chaves,Alliance,Male,Adult,Brown,Super-Heavy,222.00
2024,World IBJJF Jiu-Jitsu Championship 2024,3,Jorge Gabriel Pereira da Silva,Gracie Barra,Male,Adult,Brown,Super-Heavy,222.00
2024,World IBJJF Jiu-Jitsu Championship 2024,3,Wesley Felix Oliveira da Silva,Vision,Male,Adult,Brown,Super-Heavy,222.00
2024,World IBJJF Jiu-Jitsu Championship 2024,1,Leon da Silva Mendonça,Vision,Male,Adult,Brown,Ultra-Heavy,
2024,World IBJJF Jiu-Jitsu Championship 2024,2,Nsima Abasi Inyang,Cassio Werneck BJJ,Male,Adult,Brown,Ultra-Heavy,
2024,World IBJJF Jiu-Jitsu Championship 2024,3,Joshua Ian William Gibbs,British Army BJJ,Male,Adult,Brown,Ultra-Heavy,
2024,World IBJJF Jiu-Jitsu Championship 2024,3,Nicklas Christopher Vinso Hartman,Zenith BJJ,Male,Adult,Brown,Ultra-Heavy,
2024,World IBJJF Jiu-Jitsu Championship 2024,1,Robson de Freitas Chaves,Alliance,Male,Adult,Brown,Open Class,
2024,World IBJJF Jiu-Jitsu Championship 2024,2,Leonardo Silveira Ferreira,Alliance,Male,Adult,Brown,Open Class,
2024,World IBJJF Jiu-Jitsu Championship 2024,3,Marlon Tajik,Atos Jiu-Jitsu,Male,Adult,Brown,Open Class,
2024,World IBJJF Jiu-Jitsu Championship 2024,3,Wesley Felix Oliveira da Silva,Vision,Male,Adult,Brown,Open Class,
2024,World IBJJF Jiu-Jitsu Championship 2024,1,Carlos Alberto Oliveira da Silva,GF Team,Male,Adult,Black,Rooster,127.00
2024,World IBJJF Jiu-Jitsu Championship 2024,2,Zayed Abdulnaser A A Alkatheeri,Alliance,Male,Adult,Black,Rooster,127.00
2024,World IBJJF Jiu-Jitsu Championship 2024,3,Andrew Soares dos Santos,Vision,Male,Adult,Black,Rooster,127.00
2024,World IBJJF Jiu-Jitsu Championship 2024,3,Rodnei Barbosa Gabriel Jr.,CheckMat,Male,Adult,Black,Rooster,127.00
2024,World IBJJF Jiu-Jitsu Championship 2024,1,Diego Oliveira Batista,Art of Jiu Jitsu,Male,Adult,Black,Light-Feather,141.60
2024,World IBJJF Jiu-Jitsu Championship 2024,2,Francisco Jonas Borges Andrade,Cicero Costha Internacional,Male,Adult,Black,Light-Feather,141.60
2024,World IBJJF Jiu-Jitsu Championship 2024,3,Keven Carrasco,Ares BJJ,Male,Adult,Black,Light-Feather,141.60
2024,World IBJJF Jiu-Jitsu Championship 2024,3,Matheus Rodrigues de Lima,Vision,Male,Adult,Black,Light-Feather,141.60
2024,World IBJJF Jiu-Jitsu Championship 2024,1,Meyram Maquiné Alves,Fratres Brazilian Jiu-Jitsu,Male,Adult,Black,Feather,154.60
2024,World IBJJF Jiu-Jitsu Championship 2024,2,Ademir Barreto de Araújo,GF Team,Male,Adult,Black,Feather,154.60
2024,World IBJJF Jiu-Jitsu Championship 2024,3,Alexssandro Pinto Sodré,Nova União,Male,Adult,Black,Feather,154.60
2024,World IBJJF Jiu-Jitsu Championship 2024,3,Raimundo Diego Pinto Sodre,Nova União,Male,Adult,Black,Feather,154.60
2024,World IBJJF Jiu-Jitsu Championship 2024,1,Micael Ferreira Galvâo,Melqui Galvão Jiu-jitsu,Male,Adult,Black,Light,168.00
2024,World IBJJF Jiu-Jitsu Championship 2024,2,Andy Tomas Murasaki Pereira,Atos Jiu-Jitsu,Male,Adult,Black,Light,168.00
2024,World IBJJF Jiu-Jitsu Championship 2024,3,Luiz Paulo Carneiro Medeiros,Alliance,Male,Adult,Black,Light,168.00
2024,World IBJJF Jiu-Jitsu Championship 2024,3,Pedro Henrique Maia Costa,Six Blades Jiu-Jitsu,Male,Adult,Black,Light,168.00
2024,World IBJJF Jiu-Jitsu Championship 2024,1,Jackson Nagai Hatchwell Junior,CheckMat,Male,Adult,Black,Middle,181.60
2024,World IBJJF Jiu-Jitsu Championship 2024,2,Francisco De Assis Lemos Lo,CheckMat,Male,Adult,Black,Middle,181.60
2024,World IBJJF Jiu-Jitsu Championship 2024,3,Jhonathan Pessanha,Círculo De Jiu-Jitsu,Male,Adult,Black,Middle,181.60
2024,World IBJJF Jiu-Jitsu Championship 2024,3,Yan Lucas Cordeiro Paiva,Six Blades Jiu-Jitsu,Male,Adult,Black,Middle,181.60
2024,World IBJJF Jiu-Jitsu Championship 2024,1,Gustavo Espindola Batista,Atos Jiu-Jitsu,Male,Adult,Black,Medium-Heavy,195.00
2024,World IBJJF Jiu-Jitsu Championship 2024,2,Jansen Gomes Ramos,CheckMat,Male,Adult,Black,Medium-Heavy,195.00
2024,World IBJJF Jiu-Jitsu Championship 2024,3,Isaque Bahiense Braz,DreamArt,Male,Adult,Black,Medium-Heavy,195.00
2024,World IBJJF Jiu-Jitsu Championship 2024,3,Ronaldo Pereira de Souza Júnior,Atos Jiu-Jitsu,Male,Adult,Black,Medium-Heavy,195.00
2024,World IBJJF Jiu-Jitsu Championship 2024,1,Adam Wardzinski,CheckMat,Male,Adult,Black,Heavy,208.00
2024,World IBJJF Jiu-Jitsu Championship 2024,2,Vinicius Liberati,Fratres Brazilian Jiu-Jitsu,Male,Adult,Black,Heavy,208.00
2024,World IBJJF Jiu-Jitsu Championship 2024,3,Paulo Henrique Merlin,Gracie Barra,Male,Adult,Black,Heavy,208.00
2024,World IBJJF Jiu-Jitsu Championship 2024,3,Rider Zuchi Samelo do Amaral,Fratres Brazilian Jiu-Jitsu,Male,Adult,Black,Heavy,208.00
2024,World IBJJF Jiu-Jitsu Championship 2024,1,Anderson Munis dos Santos,Fratres Brazilian Jiu-Jitsu,Male,Adult,Black,Super-Heavy,222.00
2024,World IBJJF Jiu-Jitsu Championship 2024,2,Erich Munis dos Santos,Fratres Brazilian Jiu-Jitsu,Male,Adult,Black,Super-Heavy,222.00
2024,World IBJJF Jiu-Jitsu Championship 2024,3,Harryson Santana Pereira,Ataque Duplo,Male,Adult,Black,Super-Heavy,222.00
2024,World IBJJF Jiu-Jitsu Championship 2024,3,Marcelo Gomide Oliveira,Syd Trinity Brazilian Jiu-Jitsu,Male,Adult,Black,Super-Heavy,222.00
2024,World IBJJF Jiu-Jitsu Championship 2024,1,Yatan Martins Bueno,Fratres Brazilian Jiu-Jitsu,Male,Adult,Black,Ultra-Heavy,
2024,World IBJJF Jiu-Jitsu Championship 2024,2,Pedro Alex dos Santos Pimenta,GF Team,Male,Adult,Black,Ultra-Heavy,
2024,World IBJJF Jiu-Jitsu Championship 2024,3,Guilherme Augusto Soares Santos,Alliance,Male,Adult,Black,Ultra-Heavy,
2024,World IBJJF Jiu-Jitsu Championship 2024,3,Seif-Eddine Houmine,GF Team,Male,Adult,Black,Ultra-Heavy,
2024,World IBJJF Jiu-Jitsu Championship 2024,1,Erich Munis dos Santos,Fratres Brazilian Jiu-Jitsu,Male,Adult,Black,Open Class,
2024,World IBJJF Jiu-Jitsu Championship 2024,2,Jansen Gomes Ramos,CheckMat,Male,Adult,Black,Open Class,
2024,World IBJJF Jiu-Jitsu Championship 2024,3,Marcus Vinicius Ribeiro de Siqueira,Alliance,Male,Adult,Black,Open Class,
2024,World IBJJF Jiu-Jitsu Championship 2024,3,Meyram Maquiné Alves,Fratres Brazilian Jiu-Jitsu,Male,Adult,Black,Open Class,
2024,World IBJJF Jiu-Jitsu Championship 2024,1,Marina de Souza Barbosa,JFC Almeida JJ,Female,Adult,Blue,Rooster,107.00
2024,World IBJJF Jiu-Jitsu Championship 2024,2,Kamila Abreu da Silva,DreamArt,Female,Adult,Blue,Rooster,107.00
2024,World IBJJF Jiu-Jitsu Championship 2024,3,Eduarda Andrade de Araujo,Gracie Humaita,Female,Adult,Blue,Rooster,107.00
2024,World IBJJF Jiu-Jitsu Championship 2024,3,Kaitlyn Danica Schmidt,Nova União,Female,Adult,Blue,Rooster,107.00
2024,World IBJJF Jiu-Jitsu Championship 2024,1,Jeniffer Eduarda dos Santos Tenório,Vision,Female,Adult,Blue,Light-Feather,118.00
2024,World IBJJF Jiu-Jitsu Championship 2024,2,Emily Lynn Leyva,Atos Jiu-Jitsu,Female,Adult,Blue,Light-Feather,118.00
2024,World IBJJF Jiu-Jitsu Championship 2024,3,Tatyana May-Na Amarante,Waza Brazilian Jiu Jitsu,Female,Adult,Blue,Light-Feather,118.00
2024,World IBJJF Jiu-Jitsu Championship 2024,3,Zion Paige Mendoza,LEAD BJJ,Female,Adult,Blue,Light-Feather,118.00
2024,World IBJJF Jiu-Jitsu Championship 2024,1,Any Karoline Oliveira,DreamArt,Female,Adult,Blue,Feather,129.00
2024,World IBJJF Jiu-Jitsu Championship 2024,2,Sophia Abranches dos Santos,Vision,Female,Adult,Blue,Feather,129.00
2024,World IBJJF Jiu-Jitsu Championship 2024,3,Alanoud Mohammed F. Aldhefian,KSA Team,Female,Adult,Blue,Feather,129.00
2024,World IBJJF Jiu-Jitsu Championship 2024,3,Angenella Drea Bailey,Carlson Gracie Team,Female,Adult,Blue,Feather,129.00
2024,World IBJJF Jiu-Jitsu Championship 2024,1,Megan Jane Cook,CheckMat,Female,Adult,Blue,Light,141.60
2024,World IBJJF Jiu-Jitsu Championship 2024,2,Alexandria Faith Howard,TAC Team BJJ,Female,Adult,Blue,Light,141.60
2024,World IBJJF Jiu-Jitsu Championship 2024,3,Emiliana Urdaneta,Fight Sports,Female,Adult,Blue,Light,141.60
2024,World IBJJF Jiu-Jitsu Championship 2024,3,Nikolett Kis,Sigma Jiu-Jitsu,Female,Adult,Blue,Light,141.60
2024,World IBJJF Jiu-Jitsu Championship 2024,1,Ana Clara Regiani Arouca,Cicero Costha Internacional,Female,Adult,Blue,Middle,152.60
2024,World IBJJF Jiu-Jitsu Championship 2024,2,Ana Beatriz Alves Sant'anna,DreamArt,Female,Adult,Blue,Middle,152.60
2024,World IBJJF Jiu-Jitsu Championship 2024,3,Aleksandra Moranda,CheckMat,Female,Adult,Blue,Middle,152.60
2024,World IBJJF Jiu-Jitsu Championship 2024,3,Quinn Kaitlyn Goins,LEAD BJJ,Female,Adult,Blue,Middle,152.60
2024,World IBJJF Jiu-Jitsu Championship 2024,1,Kelly Vitória Tavares de Freitas San,Vision,Female,Adult,Blue,Medium-Heavy,163.60
2024,World IBJJF Jiu-Jitsu Championship 2024,2,Raven Lavania Norris,Six Blades Jiu-Jitsu,Female,Adult,Blue,Medium-Heavy,163.60
2024,World IBJJF Jiu-Jitsu Championship 2024,3,Jason Blake Foster,SBG International (SBGI),Female,Adult,Blue,Medium-Heavy,163.60
2024,World IBJJF Jiu-Jitsu Championship 2024,3,Laura Anne Nuttall,Renzo Gracie,Female,Adult,Blue,Medium-Heavy,163.60
2024,World IBJJF Jiu-Jitsu Championship 2024,1,Aleksandra Andric,GF Team,Female,Adult,Blue,Heavy,175.00
2024,World IBJJF Jiu-Jitsu Championship 2024,2,Vida Maria O'Brien,Gracie Barra,Female,Adult,Blue,Heavy,175.00
2024,World IBJJF Jiu-Jitsu Championship 2024,3,Gabriela Stephany Cam Boggio,Up Top Brazilian Jiu-Jitsu,Female,Adult,Blue,Heavy,175.00
2024,World IBJJF Jiu-Jitsu Championship 2024,3,Laatya James,Kuzushi Grappling Team,Female,Adult,Blue,Heavy,175.00
2024,World IBJJF Jiu-Jitsu Championship 2024,1,Daniele Daltro de Barros Moitas,GF Team,Female,Adult,Blue,Super-Heavy,
2024,World IBJJF Jiu-Jitsu Championship 2024,2,Carolina Granzotto Vidal Lima,CheckMat,Female,Adult,Blue,Super-Heavy,
2024,World IBJJF Jiu-Jitsu Championship 2024,3,Agatha de Souza Nigro,DreamArt,Female,Adult,Blue,Super-Heavy,
2024,World IBJJF Jiu-Jitsu Championship 2024,3,Taea Raven Regua,Heroes Martial Arts,Female,Adult,Blue,Super-Heavy,
2024,World IBJJF Jiu-Jitsu Championship 2024,1,Nikolett Kis,Sigma Jiu-Jitsu,Female,Adult,Blue,Open Class,
2024,World IBJJF Jiu-Jitsu Championship 2024,2,Emily Lynn Leyva,Atos Jiu-Jitsu,Female,Adult,Blue,Open Class,
2024,World IBJJF Jiu-Jitsu Championship 2024,3,Aleksandra Moranda,CheckMat,Female,Adult,Blue,Open Class,
2024,World IBJJF Jiu-Jitsu Championship 2024,3,Ana Clara Regiani Arouca,Cicero Costha Internacional,Female,Adult,Blue,Open Class,
2024,World IBJJF Jiu-Jitsu Championship 2024,1,Mia Funegra,Art of Jiu Jitsu,Female,Adult,Purple,Rooster,107.00
2024,World IBJJF Jiu-Jitsu Championship 2024,2,Lumara Thais Santos Silva,JFC Almeida JJ,Female,Adult,Purple,Rooster,107.00
2024,World IBJJF Jiu-Jitsu Championship 2024,3,Gabriela Campos Mendanha,Gracie Barra,Female,Adult,Purple,Rooster,107.00
2024,World IBJJF Jiu-Jitsu Championship 2024,3,Mandy Schneider,Soul Fighters BJJ,Female,Adult,Purple,Rooster,107.00
2024,World IBJJF Jiu-Jitsu Championship 2024,1,Ashlee Funegra,Art of Jiu Jitsu,Female,Adult,Purple,Light-Feather,118.00
2024,World IBJJF Jiu-Jitsu Championship 2024,2,Kamilly Silva Dias de Souza,GF Team,Female,Adult,Purple,Light-Feather,118.00
2024,World IBJJF Jiu-Jitsu Championship 2024,3,Camryn Payton Oranday,Alliance,Female,Adult,Purple,Light-Feather,118.00
2024,World IBJJF Jiu-Jitsu Championship 2024,3,Desiree Nicole Medel,CheckMat,Female,Adult,Purple,Light-Feather,118.00
2024,World IBJJF Jiu-Jitsu Championship 2024,1,Giovanah Oliveira da Silva,JFC Almeida JJ,Female,Adult,Purple,Feather,129.00
2024,World IBJJF Jiu-Jitsu Championship 2024,2,Keanna Carolyn Klay,Gracie Barra,Female,Adult,Purple,Feather,129.00
2024,World IBJJF Jiu-Jitsu Championship 2024,3,Karina Nicole Lagrana,Team Lloyd Irvin,Female,Adult,Purple,Feather,129.00
2024,World IBJJF Jiu-Jitsu Championship 2024,3,Sabrina Moreno Lourenço,DreamArt,Female,Adult,Purple,Feather,129.00
2024,World IBJJF Jiu-Jitsu Championship 2024,1,Sarah C. Firme Galvao,Atos Jiu-Jitsu,Female,Adult,Purple,Light,141.60
2024,World IBJJF Jiu-Jitsu Championship 2024,2,Aila Solecki,CheckMat,Female,Adult,Purple,Light,141.60
2024,World IBJJF Jiu-Jitsu Championship 2024,3,Heidi Julia Sarén,Loop Jiu-Jitsu,Female,Adult,Purple,Light,141.60
2024,World IBJJF Jiu-Jitsu Championship 2024,3,Julianna Princess Wong,Cicero Costha Internacional,Female,Adult,Purple,Light,141.60
2024,World IBJJF Jiu-Jitsu Championship 2024,1,Aghata Adriane Rabelo Fernandes,CheckMat,Female,Adult,Purple,Middle,152.60
2024,World IBJJF Jiu-Jitsu Championship 2024,2,Luandra Barbosa Soares,Fratres Brazilian Jiu-Jitsu,Female,Adult,Purple,Middle,152.60
2024,World IBJJF Jiu-Jitsu Championship 2024,3,Eliza Carvalho Nascimento,Nova União,Female,Adult,Purple,Middle,152.60
2024,World IBJJF Jiu-Jitsu Championship 2024,3,Jadeya Sway Reber,Atos Jiu-Jitsu,Female,Adult,Purple,Middle,152.60
2024,World IBJJF Jiu-Jitsu Championship 2024,1,Lillian Jane Marchand,Atos Jiu-Jitsu,Female,Adult,Purple,Medium-Heavy,163.60
2024,World IBJJF Jiu-Jitsu Championship 2024,2,Gabriela Miranda Barroso,Double Five,Female,Adult,Purple,Medium-Heavy,163.60
2024,World IBJJF Jiu-Jitsu Championship 2024,3,Kaitlin Rina Gamper,Zenith BJJ,Female,Adult,Purple,Medium-Heavy,163.60
2024,World IBJJF Jiu-Jitsu Championship 2024,3,Laura Guimarães Gomes Pupo Ferreira,Gracie Barra,Female,Adult,Purple,Medium-Heavy,163.60
2024,World IBJJF Jiu-Jitsu Championship 2024,1,Maria Raniele Alencar Lima,Fratres Brazilian Jiu-Jitsu,Female,Adult,Purple,Heavy,175.00
2024,World IBJJF Jiu-Jitsu Championship 2024,2,Lyndsie Maurene Peterson,Robert Handley Brazilian Jiu-Jitsu,Female,Adult,Purple,Heavy,175.00
2024,World IBJJF Jiu-Jitsu Championship 2024,3,Ana Lua Muniz,Art of Jiu Jitsu,Female,Adult,Purple,Heavy,175.00
2024,World IBJJF Jiu-Jitsu Championship 2024,3,Bárbara Paz Alarcón Cuevas,Fight Sports,Female,Adult,Purple,Heavy,175.00
2024,World IBJJF Jiu-Jitsu Championship 2024,1,Luane Carvalho Correia,Vision,Female,Adult,Purple,Super-Heavy,
2024,World IBJJF Jiu-Jitsu Championship 2024,2,Maria Luiza Fragoso Pinto Loreiro,Gracie Barra,Female,Adult,Purple,Super-Heavy,
2024,World IBJJF Jiu-Jitsu Championship 2024,3,Kathleen Brann,Travis Lutter Brazilian Jiu-Jitsu,Female,Adult,Purple,Super-Heavy,
2024,World IBJJF Jiu-Jitsu Championship 2024,3,Sandra Kristina Guerrero,Rigan Machado,Female,Adult,Purple,Super-Heavy,
2024,World IBJJF Jiu-Jitsu Championship 2024,1,Sarah C. Firme Galvao,Atos Jiu-Jitsu,Female,Adult,Purple,Open Class,
2024,World IBJJF Jiu-Jitsu Championship 2024,2,Maria Raniele Alencar Lima,Fratres Brazilian Jiu-Jitsu,Female,Adult,Purple,Open Class,
2024,World IBJJF Jiu-Jitsu Championship 2024,3,Lillian Jane Marchand,Atos Jiu-Jitsu,Female,Adult,Purple,Open Class,
2024,World IBJJF Jiu-Jitsu Championship 2024,3,Luandra Barbosa Soares,Fratres Brazilian Jiu-Jitsu,Female,Adult,Purple,Open Class,
2024,World IBJJF Jiu-Jitsu Championship 2024,1,Yasmyn Castro,Nova União,Female,Adult,Brown,Rooster,107.00
2024,World IBJJF Jiu-Jitsu Championship 2024,2,Camila Caroline dos Santos Reis,Lótus Club,Female,Adult,Brown,Rooster,107.00
2024,World IBJJF Jiu-Jitsu Championship 2024,3,Erika Fernanda Jesus Machado,Vision,Female,Adult,Brown,Rooster,107.00
2024,World IBJJF Jiu-Jitsu Championship 2024,3,Melody M. Y. Wong,SF Empire Jiu-Jitsu,Female,Adult,Brown,Rooster,107.00
2024,World IBJJF Jiu-Jitsu Championship 2024,1,Thaynara Victoria Soares da Silva,DreamArt,Female,Adult,Brown,Light-Feather,118.00
2024,World IBJJF Jiu-Jitsu Championship 2024,2,Lauren Hanako Sognefest,Art of Jiu Jitsu,Female,Adult,Brown,Light-Feather,118.00
2024,World IBJJF Jiu-Jitsu Championship 2024,3,Beatriz Carolline Dias dos Santos,Cicero Costha Internacional,Female,Adult,Brown,Light-Feather,118.00
2024,World IBJJF Jiu-Jitsu Championship 2024,3,Esther Garwood,Carlson Gracie Team,Female,Adult,Brown,Light-Feather,118.00
2024,World IBJJF Jiu-Jitsu Championship 2024,1,Cassia Remesar,LEAD BJJ,Female,Adult,Brown,Feather,129.00
2024,World IBJJF Jiu-Jitsu Championship 2024,2,Caroline Brunacio Vinhaes,GF Team,Female,Adult,Brown,Feather,129.00
2024,World IBJJF Jiu-Jitsu Championship 2024,3,Anesa Cecilia R. Vanderlipe,Ares BJJ,Female,Adult,Brown,Feather,129.00
2024,World IBJJF Jiu-Jitsu Championship 2024,3,Mona Maree Bailey,Carlson Gracie Team,Female,Adult,Brown,Feather,129.00
2024,World IBJJF Jiu-Jitsu Championship 2024,1,Emily Pakulski,Unity Jiu-jitsu,Female,Adult,Brown,Light,141.60
2024,World IBJJF Jiu-Jitsu Championship 2024,2,Valentina Lodi,Art of Jiu Jitsu,Female,Adult,Brown,Light,141.60
2024,World IBJJF Jiu-Jitsu Championship 2024,3,Beatrice Jin,Kogaion Academy,Female,Adult,Brown,Light,141.60
2024,World IBJJF Jiu-Jitsu Championship 2024,3,Maria Luisa Delahaye Amorim,GF Team,Female,Adult,Brown,Light,141.60
2024,World IBJJF Jiu-Jitsu Championship 2024,1,Vitoria Gabriella Nogueira dos Reis,Castro Team,Female,Adult,Brown,Middle,152.60
2024,World IBJJF Jiu-Jitsu Championship 2024,2,Gabrielle Czernik,Movement Art,Female,Adult,Brown,Middle,152.60
2024,World IBJJF Jiu-Jitsu Championship 2024,3,Fernanda Pimental Araujo,Team Forsa,Female,Adult,Brown,Middle,152.60
2024,World IBJJF Jiu-Jitsu Championship 2024,3,Leilani Suma Bernales,Outer Heaven,Female,Adult,Brown,Middle,152.60
2024,World IBJJF Jiu-Jitsu Championship 2024,1,Maria Eduarda Nogueira Torres,Fratres Brazilian Jiu-Jitsu,Female,Adult,Brown,Medium-Heavy,163.60
2024,World IBJJF Jiu-Jitsu Championship 2024,2,Giovanna Xavier Carneiro,Fratres Brazilian Jiu-Jitsu,Female,Adult,Brown,Medium-Heavy,163.60
2024,World IBJJF Jiu-Jitsu Championship 2024,3,Jhenifer Barbosa dos Santos Canezin,Alliance,Female,Adult,Brown,Medium-Heavy,163.60
2024,World IBJJF Jiu-Jitsu Championship 2024,3,Nia Blackman,CheckMat,Female,Adult,Brown,Medium-Heavy,163.60
2024,World IBJJF Jiu-Jitsu Championship 2024,1,Anabel Lopez Beard,CheckMat International,Female,Adult,Brown,Heavy,175.00
2024,World IBJJF Jiu-Jitsu Championship 2024,2,Cleidiane Ferreira,Alliance,Female,Adult,Brown,Heavy,175.00
2024,World IBJJF Jiu-Jitsu Championship 2024,3,Amelia Lui,Royal Jiu-Jitsu,Female,Adult,Brown,Heavy,175.00
2024,World IBJJF Jiu-Jitsu Championship 2024,3,Letícia Teixeira dos Santos,Fratres Brazilian Jiu-Jitsu,Female,Adult,Brown,Heavy,175.00
2024,World IBJJF Jiu-Jitsu Championship 2024,1,Isabely Generoso da Silva Lemos,GF Team,Female,Adult,Brown,Super-Heavy,
2024,World IBJJF Jiu-Jitsu Championship 2024,2,Marina Carraro Penedo,Carranca Team,Female,Adult,Brown,Super-Heavy,
2024,World IBJJF Jiu-Jitsu Championship 2024,3,Adrianny Ilary da Costa Cruz,Vision,Female,Adult,Brown,Super-Heavy,
2024,World IBJJF Jiu-Jitsu Championship 2024,1,Vitoria Gabriella Nogueira dos Reis,Castro Team,Female,Adult,Brown,Open Class,
2024,World IBJJF Jiu-Jitsu Championship 2024,2,Isabely Generoso da Silva Lemos,GF Team,Female,Adult,Brown,Open Class,
2024,World IBJJF Jiu-Jitsu Championship 2024,3,Cassia Remesar,LEAD BJJ,Female,Adult,Brown,Open Class,
2024,World IBJJF Jiu-Jitsu Championship 2024,3,Marina Carraro Penedo,Carranca Team,Female,Adult,Brown,Open Class,
2024,World IBJJF Jiu-Jitsu Championship 2024,1,Mayssa Caldas Pereira Bastos,Art of Jiu Jitsu,Female,Adult,Black,Rooster,107.00
2024,World IBJJF Jiu-Jitsu Championship 2024,2,Jhenifer Diogenes de Aquino,Atos Jiu-Jitsu,Female,Adult,Black,Rooster,107.00
2024,World IBJJF Jiu-Jitsu Championship 2024,3,Ana Carolina Da Silva,Art of Jiu Jitsu,Female,Adult,Black,Rooster,107.00
2024,World IBJJF Jiu-Jitsu Championship 2024,3,Mariana Cabral Rolszt,Gracie Humaita South Bay,Female,Adult,Black,Rooster,107.00
2024,World IBJJF Jiu-Jitsu Championship 2024,1,Thamires Diógenes de Aquino,GF Team,Female,Adult,Black,Light-Feather,118.00
2024,World IBJJF Jiu-Jitsu Championship 2024,2,Amanda Monteiro Canuto,GF Team,Female,Adult,Black,Light-Feather,118.00
2024,World IBJJF Jiu-Jitsu Championship 2024,3,Emily Rosalynn Nicholson,Art of Jiu Jitsu CM,Female,Adult,Black,Light-Feather,118.00
2024,World IBJJF Jiu-Jitsu Championship 2024,3,Jessica Caroline Coelho Dantas,Fratres Brazilian Jiu-Jitsu,Female,Adult,Black,Light-Feather,118.00
2024,World IBJJF Jiu-Jitsu Championship 2024,1,Nathalie Wan Soares Veras Ribeiro,CheckMat,Female,Adult,Black,Feather,129.00
2024,World IBJJF Jiu-Jitsu Championship 2024,2,Ana Cristina Araujo Rodrigues,DreamArt,Female,Adult,Black,Feather,129.00
2024,World IBJJF Jiu-Jitsu Championship 2024,3,Larissa Campos Carvalho,Art of Jiu Jitsu,Female,Adult,Black,Feather,129.00
2024,World IBJJF Jiu-Jitsu Championship 2024,3,Margot Ciccarelli,Art of Jiu Jitsu,Female,Adult,Black,Feather,129.00
2024,World IBJJF Jiu-Jitsu Championship 2024,1,Luiza Monteiro Moura da Costa,Atos Jiu-Jitsu,Female,Adult,Black,Light,141.60
2024,World IBJJF Jiu-Jitsu Championship 2024,2,Brianna Ste-Marie,Brazilian Top Team Int.,Female,Adult,Black,Light,141.60
2024,World IBJJF Jiu-Jitsu Championship 2024,3,Jaine da Silva Fragoso,Atos JJ International,Female,Adult,Black,Light,141.60
2024,World IBJJF Jiu-Jitsu Championship 2024,3,Stéphanie Caroline Delphine Faure,CheckMat,Female,Adult,Black,Light,141.60
2024,World IBJJF Jiu-Jitsu Championship 2024,1,Andressa Mezari Cintra,Gracie Barra,Female,Adult,Black,Middle,152.60
2024,World IBJJF Jiu-Jitsu Championship 2024,2,Larissa Martins dos Santos,DreamArt,Female,Adult,Black,Middle,152.60
2024,World IBJJF Jiu-Jitsu Championship 2024,3,Ingridd Alves de Sousa,DreamArt,Female,Adult,Black,Middle,152.60
2024,World IBJJF Jiu-Jitsu Championship 2024,3,Rebeca Ferreira de Lima,GF Team,Female,Adult,Black,Middle,152.60
2024,World IBJJF Jiu-Jitsu Championship 2024,1,Thamara Ferreira Silva,Fratres Brazilian Jiu-Jitsu,Female,Adult,Black,Medium-Heavy,163.60
2024,World IBJJF Jiu-Jitsu Championship 2024,2,Maria Carolina Barón Vicentini,Art of Jiu Jitsu,Female,Adult,Black,Medium-Heavy,163.60
2024,World IBJJF Jiu-Jitsu Championship 2024,3,Amy Scot Campo,Zenith BJJ,Female,Adult,Black,Medium-Heavy,163.60
2024,World IBJJF Jiu-Jitsu Championship 2024,3,Salla Mari Simola,Hilti BJJ Turku,Female,Adult,Black,Medium-Heavy,163.60
2024,World IBJJF Jiu-Jitsu Championship 2024,1,Tamiris Fernanda da Silva,DreamArt,Female,Adult,Black,Heavy,175.00
2024,World IBJJF Jiu-Jitsu Championship 2024,2,Amanda Magda de Oliveira,Fratres Brazilian Jiu-Jitsu,Female,Adult,Black,Heavy,175.00
2024,World IBJJF Jiu-Jitsu Championship 2024,3,Larissa Dias de Almeida,R1NG BJJ,Female,Adult,Black,Heavy,175.00
2024,World IBJJF Jiu-Jitsu Championship 2024,3,Melissa Stricker Cueto,Alliance,Female,Adult,Black,Heavy,175.00
2024,World IBJJF Jiu-Jitsu Championship 2024,1,Gabrieli Pessanha de Souza Marinho,Infight JJ,Female,Adult,Black,Super-Heavy,
2024,World IBJJF Jiu-Jitsu Championship 2024,2,Yara Soares do Nascimento,Fratres Brazilian Jiu-Jitsu,Female,Adult,Black,Super-Heavy,
2024,World IBJJF Jiu-Jitsu Championship 2024,3,Maryanna Santos Cardoso,CheckMat,Female,Adult,Black,Super-Heavy,
2024,World IBJJF Jiu-Jitsu Championship 2024,3,Mayara Monteiro Custódio,CheckMat,Female,Adult,Black,Super-Heavy,
2024,World IBJJF Jiu-Jitsu Championship 2024,1,Gabrieli Pessanha de Souza Marinho,Infight JJ,Female,Adult,Black,Open Class,
2024,World IBJJF Jiu-Jitsu Championship 2024,2,Yara Soares do Nascimento,Fratres Brazilian Jiu-Jitsu,Female,Adult,Black,Open Class,
2024,World IBJJF Jiu-Jitsu Championship 2024,3,Amy Scot Campo,Zenith BJJ,Female,Adult,Black,Open Class,
2024,World IBJJF Jiu-Jitsu Championship 2024,3,Maria Malyjasiak,Abmar Barbosa Association,Female,Adult,Black,Open Class,
